<?xml version="1.0" encoding="UTF-8"?>
<site>
   <description name="Snowberry安装包" url="file:/C:/Snowberry Update Site">
      Snowberry安装包。
   </description>
   <feature url="features/fatcat.snowberry.feature_1.0.4.201004202333.jar" id="fatcat.snowberry.feature" version="1.0.4.201004202333">
      <category name="fatcat.snowberry.category.primary"/>
   </feature>
   <category-def name="fatcat.snowberry.category.primary" label="Snowberry Plug-in Features">
      <description>
         Snowberry Plug-in Primary Feature.
      </description>
   </category-def>
</site>
